Year,"Employment in agriculture, male (% of male employment)"
2001,2.89839627
2002,2.688845752
2003,2.488436201
2004,2.432176551
2005,2.328740961
2006,2.299160626
2007,2.203800074
2008,2.267306463
2009,2.318359924
2010,2.443503839
2011,2.443185561
2012,2.312428932
2013,2.27161134
2014,2.324883577
2015,2.47392967
2016,2.464143557
2017,2.457953433
2018,2.335159924
2019,2.295128826
2020,2.344365834
2021,2.226826671
2022,2.151978282
